{"SNMI": {"time": 0.09271860122680664, "residuals": [90.39155510268469, 106.91067071187274, 33.44917099757522, 2.1662020799340098e-05, 9.453060556552373e-11]}, "SNMII_wT": {"time": 0.0723276138305664, "residuals": [90.39155510268469, 1.4335865827774796e-10], "warmstarting": true}, "SNMII_wF": {"time": 0.08778595924377441, "residuals": [90.39155510268469, 9.22000253922306e-11], "warmstarting": false}, "SNMIII": {"time": 0.08716583251953125, "residuals": [90.39155510268469, 223.6219485970271, 91.64520480507429, 1.6202391315085194, 7.124208991626801e-07]}, "CVaROPI_1": {"time": 3.162276029586792, "residuals": [90.39155510268469, 80.99783308467556, 47.52690505295131, 42.77421766092378, 38.49678975633489, 34.64711052683788, 31.182399234833497, 28.06415909437723, 25.25774280304563, 22.7319689284422, 20.458771167334362, 18.412893828999415, 16.571604236624808, 14.914443608109707, 13.422999074072209, 12.080699006612122, 10.872628958212374, 9.785365932599461, 8.806829223410602, 7.926146193378258, 7.13353148090988, 6.420178246871728, 5.778160346536424, 5.200344242873143, 4.680309758304531, 4.212278726691693, 3.7910508056672256, 3.411945680277995, 3.070751073233396, 2.7636759298010247, 2.4873083056076553, 2.238577445826593, 2.0147196760578936, 1.8132476849230557, 1.631922896161825, 1.4687305875311836, 1.321857512385293, 1.1896717456963302, 1.070704557893066, 0.9636340896594788, 0.8672706700115214, 0.7805435930482645, 0.7024892251573647, 0.6322402945783097, 0.5690162581443587, 0.5121146258123304, 0.46090315757049893, 0.41481283661062207, 0.37333154831293314, 0.335998389354188, 0.3023985467008288, 0.2721586886910359, 0.24494281677573326, 0.22044853234092443, 0.1984036767188968, 0.17856330679376242, 0.16070697415864288, 0.14463627485145025, 0.13017264576859588, 0.11715537966512102, 0.10543984043704313, 0.09489585518832655, 0.08540626862185263, 0.07686564083246594, 0.06917907587717309, 0.06226116742351451, 0.056035050010621035, 0.05043154438806141, 0.04538838942505663, 0.04084954986950606, 0.03676459445392766, 0.033088134593185714, 0.029779320747820748, 0.026801388387809766, 0.02412124931231574, 0.021709124068593155, 0.019538211389203752, 0.01758439000417411, 0.01582595084261129, 0.014243355568623883, 0.012819019863172798, 0.011537117696605037, 0.010383405841821514, 0.00934506516023248, 0.008410558677155677, 0.0075695027146025495, 0.006812552379017234, 0.006131297045328665, 0.005518167290745168, 0.004966350569077349, 0.004469715575453392, 0.00402274394343749, 0.003620469525912995, 0.0032584224945821916, 0.002932580239644267, 0.0026393221481839646, 0.0023753899729967998, 0.002137850950759912, 0.0019240658564285695, 0.0017316592417842003, 0.0015584933337322582, 0.0014026439703798133, 0.0012623795772697122, 0.001136141680262881, 0.0010225275198081363, 0.0009202748735788191, 0.0008282473568783644, 0.0007454224951857213, 0.0006708803014703335, 0.0006037921075403574, 0.0005434129029140422, 0.0004890715624128461, 0.00044016437584559753, 0.0003961479274607882, 0.0003565331832646734, 0.0003208798361811205, 0.00028879187414077023, 0.0002599127129201406, 0.00023392144964873296, 0.00021052928326525944, 0.0001894763390737353, 0.00017052871709211104, 0.00015347585690506094, 0.0001381282270358497, 0.00012431536913481978, 0.00011188379585291841, 0.0001006954480544664, 9.06258746340427e-05, 8.156329124631156e-05, 7.340699460200995e-05, 6.606633138517282e-05, 5.945968382548017e-05, 5.35137210135872e-05, 4.816233342808118e-05, 4.3346069219296623e-05, 3.9011457488413726e-05, 3.511033429504096e-05, 3.1599290423400817e-05, 2.8439336460905906e-05, 2.559538791047089e-05, 2.303586967400406e-05, 2.073225095955422e-05, 1.8659051761460432e-05, 1.6793126974334882e-05, 1.5113825099888345e-05, 1.36024623884623e-05, 1.224222552309584e-05, 1.1018043039712211e-05, 9.916267515563959e-06, 8.924637995733065e-06, 8.032193989038205e-06, 7.228999720609863e-06, 6.506167949282826e-06, 5.855497022366762e-06, 5.269954954201239e-06, 4.742957173675677e-06, 4.26871531544748e-06, 3.8418021404140745e-06, 3.4576353300508345e-06, 3.1118024708121084e-06, 2.800579579798068e-06, 2.5205416704920935e-06, 2.268563150664704e-06, 2.041669802110846e-06, 1.83753382998475e-06, 1.6537800320293172e-06, 1.4883440826451988e-06, 1.339538016509323e-06, 1.2055482443429355e-06, 1.0850540093088057e-06, 9.7654657338353e-07], "inner-iterations": 1}, "CVaROPI_2": {"time": 2.306697368621826, "residuals": [90.39155510268469, 47.526904907762685, 38.496792243702885, 31.18240124993298, 25.257744435991867, 20.458772489449416, 16.571605307212167, 13.422999941445369, 10.872629660752693, 8.80682979235337, 7.133531941744707, 5.778160720002461, 4.68031006087574, 3.791051050548674, 3.0707512716191445, 2.4873084662367546, 2.0147198060421943, 1.6319230014410664, 1.3218575976582656, 1.0707046270186993, 0.8672707260638504, 0.7024892703821592, 0.5690162948845341, 0.4609031873276308, 0.37333157248838233, 0.30239856612610083, 0.24494283251715387, 0.19840368930761088, 0.16070698431917663, 0.130172654093883, 0.10543984716503019, 0.08540627409792023, 0.0691790802882224, 0.056035053475568475, 0.04538839229741143, 0.03676459688398381, 0.029779322699027944, 0.024121250912571668, 0.019538212762711282, 0.015825951922010972, 0.012819020772383283, 0.010383406591188304, 0.008410559095409553, 0.006812552835981478, 0.005518167698028265, 0.004469715623883985, 0.003620469599866283, 0.002932580184051403, 0.0023753898680638486, 0.0019240657795762672, 0.0015584932612568991, 0.0012623794718251702, 0.0010225274339177304, 0.0008282472101655003, 0.000670880246843808, 0.0005434130442836249, 0.0004401645505254237, 0.00035653323874385023, 0.000288791926493559, 0.0002339214711923887, 0.00018947634760024812, 0.00015347581785363218, 0.00012431541608748375, 0.00010069547198554574, 8.156328158293036e-05, 6.606624521054982e-05, 5.351362960936967e-05, 4.3346084112272365e-05, 3.5110388751036226e-05, 2.8439366303700808e-05, 2.303584528817737e-05, 1.8659042552826577e-05, 1.5113739380012703e-05, 1.2242182947375113e-05, 9.916257397435402e-06, 8.032239918520645e-06, 6.5060628458013525e-06, 5.269904931992642e-06, 4.26874623826734e-06, 3.4576505072436703e-06, 2.8006667776026006e-06, 2.268560763241112e-06, 1.8375311583440634e-06, 1.4884165011608275e-06, 1.2055906495334057e-06, 9.76533044649841e-07], "inner-iterations": 2}, "CVaROPI_5": {"time": 1.8296008110046387, "residuals": [90.39155510268469, 34.647112766184904, 20.458772489449416, 12.080699787260073, 7.133531941744707, 4.212278998863326, 2.4873084662367546, 1.4687306822598316, 0.8672707260638504, 0.5121146588554666, 0.30239856612610083, 0.1785633181078765, 0.10543984716503019, 0.062261171260843184, 0.03676459688398381, 0.021709125561926612, 0.012819020772383283, 0.0075695031441114224, 0.004469715623883985, 0.0026393221476155304, 0.0015584932612568991, 0.0009202746902587933, 0.0005434130442836249, 0.0003208798684681824, 0.00018947634760024812, 0.00011188383285798409, 6.606624521054982e-05, 3.901149415241889e-05, 2.303584528817737e-05, 1.3602375986465631e-05, 8.032239918520645e-06, 4.7429916776309256e-06, 2.8006667776026006e-06, 1.6538234604013269e-06, 9.76533044649841e-07], "inner-iterations": 5}, "CVaROPI_10": {"time": 1.6689250469207764, "residuals": [90.39155510268469, 20.458772489449416, 7.133531941744707, 2.4873084662367546, 0.8672707260638504, 0.30239856612610083, 0.10543984716503019, 0.03676459688398381, 0.012819020772383283, 0.004469715623883985, 0.0015584932612568991, 0.0005434130442836249, 0.00018947634760024812, 6.606624521054982e-05, 2.303584528817737e-05, 8.032239918520645e-06, 2.8006667776026006e-06, 9.76533044649841e-07], "inner-iterations": 10}, "CVaROPI_20": {"time": 1.6713330745697021, "residuals": [90.39155510268469, 7.133531941744707, 0.8672707260638504, 0.10543984716503019, 0.012819020772383283, 0.0015584932612568991, 0.00018947634760024812, 2.303584528817737e-05, 2.8006667776026006e-06, 3.4046922792185796e-07], "inner-iterations": 20}, "CVaROPI_30": {"time": 1.6327269077301025,