{"SNMI": {"time": 0.10806012153625488, "residuals": [88.69633438558911, 50.14962985697042, 1.2546911771678708, 6.540462322845997e-07]}, "SNMII_wT": {"time": 0.14012670516967773, "residuals": [88.69633438558911, 108.19798633190707, 2.3732127374387346e-11], "warmstarting": true}, "SNMII_wF": {"time": 0.17389392852783203, "residuals": [88.69633438558911, 108.19798633190713, 1.963940121640917e-11], "warmstarting": false}, "SNMIII": {"time": 0.09902143478393555, "residuals": [88.69633438558911, 78.91251868388275, 23.667981977443972, 1.421429886751099, 9.649760102092841e-07]}, "MUS1-OPI_1": {"time": 3.4991800785064697, "residuals": [88.69633438558911, 75.71615628188516, 55.98823824296605, 50.3894117245178, 45.3504702319313, 40.81542263934523, 36.73387987892136, 33.06049143962082, 29.75444189281984, 26.77899734018615, 24.10109727961094, 21.69098725748097, 19.52188826700683, 17.56969920196127, 15.812729067217674, 14.231455967323882, 12.8083101967311, 11.527479020520104, 10.374730977597892, 9.337257752987739, 8.403531863542526, 7.563178574438211, 6.806860624481033, 6.126174478784378, 5.51355695596294, 4.962201192910015, 4.465981012912266, 4.019382857006008, 3.617444522104961, 3.255700025614942, 2.9301299832166023, 2.6371169490666944, 2.3734052218615034, 2.136064670611404, 1.9224581774249145, 1.7302123361481563, 1.5571910813308705, 1.4014719541628438, 1.2613247415598607, 1.1351922519944537, 1.0216730128698828, 0.9195056991015917, 0.8275551179413014, 0.7447995959955733, 0.6703196272798095, 0.6032876563550644, 0.5429588833516164, 0.48866298835889665, 0.4397966835201714, 0.3958170097803304, 0.3562353039945947, 0.3206117692075168, 0.28855058836563785, 0.25969552599894996, 0.23372597023819708, 0.2103533703160565, 0.18931803072678122, 0.1703862253443731, 0.15334760071505116, 0.1380128387612558, 0.12421155318986621, 0.11179039637647747, 0.10061135533214838, 0.09055021859194312, 0.08149519560811314, 0.07334567506177336, 0.06601110666713339, 0.05940999518111312, 0.05346899494634272, 0.048122094784844194, 0.04330988474487185, 0.0389788957137398, 0.03508100567319161, 0.03157290469061991, 0.028415613838092213, 0.02557405208574437, 0.02301664658500613, 0.020714981625246764, 0.018643483236019165, 0.016779134658918338, 0.015101221000122678, 0.013591098682809388, 0.012231988665462268, 0.011008789646666628, 0.009907910545621235, 0.008917119375837501, 0.008025407312857169, 0.00722286650272963, 0.006500579735984502, 0.0058505216729827225, 0.005265469450137061, 0.004738922445199023, 0.004265030126248348, 0.003838527074663034, 0.003454674342947328, 0.003109206855810953, 0.002798286114398252, 0.002518457488235981, 0.002266611697564258, 0.0020399505232262527, 0.001835955436263248, 0.0016523598766298164, 0.0014871238702198752, 0.0013384114633936406, 0.001204570295499252, 0.0010841132304904022, 0.0009757019192875305, 0.0008781316944350692, 0.0007903185418172143, 0.000711286669798028, 0.000640157991824708, 0.0005761421795114074, 0.0005185279657098363, 0.00046667515925946645, 0.0004200076169809108, 0.0003780068801688685, 0.0003402061851147664, 0.0003061855616124376, 0.0002755669768248481, 0.00024801028791898716, 0.0002232092624581128, 0.00020088832889086916, 0.00018079948233662435, 0.00016271954314106551, 0.00014644756788584345, 0.00013180282780922425, 0.00011862254893912905, 0.0001067602890998387, 9.60842696713371e-05, 8.647584513710171e-05, 7.782824127389176e-05, 7.004542226241028e-05, 6.304086537056719e-05, 5.67368124393397e-05, 5.106311584768264e-05, 4.595680638885824e-05, 4.136109828323242e-05, 3.722501764968911e-05, 3.350250835865154e-05, 3.0152250019455096e-05, 2.7137027245771606e-05, 2.4423325271527574e-05, 2.198099480210658e-05, 1.97828804857636e-05, 1.7804589447223407e-05, 1.602413476575748e-05, 1.4421710488932149e-05, 1.2979576808902493e-05, 1.1681576324917842e-05, 1.0513447591620206e-05, 9.462099455959105e-06, 8.515866625202761e-06, 7.664295935683185e-06, 6.897872708577779e-06, 6.208096920090611e-06, 5.587278906205029e-06, 5.0285283350604e-06, 4.5257201009007986e-06, 4.073106310897856e-06, 3.665783879114315e-06, 3.2992295473377453e-06, 2.9693006808884093e-06, 2.672363734745886e-06, 2.405139866823447e-06, 2.1646335426339647e-06, 1.9481506114971125e-06, 1.7533726577312336e-06, 1.5780203739268472e-06, 1.4202148577169282e-06, 1.2781985105903004e-06, 1.150372895608598e-06, 1.0353377319916035e-06, 9.318129059465718e-07], "inner-iterations": 1}, "MUS1-OPI_2": {"time": 2.6659469604492188, "residuals": [88.69633438558911, 85.87636941926382, 45.35047003161765, 36.73387974770793, 29.754441820540592, 24.101097248235988, 19.52188826355996, 15.812729082254464, 12.808310223385206, 10.374731010897449, 8.40353190001008, 6.806860661736437, 5.513556992375584, 4.465981047473292, 3.6174445541996647, 2.9301300125362104, 2.3734052482964216, 1.9224582010182303, 1.5571911022286713, 1.2613247599178976, 1.0216730288974532, 0.8275551318240559, 0.6703196393093549, 0.5429588936829077, 0.43979669244572506, 0.3562353115617043, 0.28855059481850276, 0.23372597572733866, 0.18931803539339853, 0.15334760467544584, 0.12421155656761584, 0.10061135818557432, 0.08149519801759197, 0.06601110867109128, 0.05346899663732074, 0.043309886141400966, 0.035081006853715735, 0.028415614821369672, 0.023016647390136313, 0.018643483904725144, 0.01510122158856575, 0.012231989147039712, 0.009907910957508648, 0.008025407646641725, 0.006500579992575695, 0.005265469691948965, 0.0042650303298614745, 0.003454674484487441, 0.0027982862709450274, 0.002266611837626442, 0.0018359555447204912, 0.0014871239494596011, 0.0012045703637113547, 0.0009757019790868071, 0.0007903185821760417, 0.0006401580247938909, 0.0005185279916304353, 0.00042000764301519666, 0.0003402061989845606, 0.0002755669846692399, 0.00022320928246699623, 0.00018079951814797823, 0.00014644759710336075, 0.00011862252961236663, 9.608426830709504e-05, 7.782827287883265e-05, 6.304086639374873e-05, 5.1063114028693235e-05, 4.136111795105535e-05, 3.3502511541882996e-05, 2.7137015308653645e-05, 2.1980972633173224e-05, 1.7804595017878455e-05, 1.4421739024328417e-05, 1.168161031728232e-05, 9.462092862122518e-06, 7.664284339625738e-06, 6.208092713677615e-06, 5.028523105465865e-06, 4.073108357260935e-06, 3.2992087426464423e-06, 2.672392042768479e-06, 2.1646274035447277e-06, 1.7533229765831493e-06, 1.4201996236806735e-06, 1.1503556152092642e-06, 9.318011962022865e-07], "inner-iterations": 2}, "MUS1-OPI_5": {"time": 2.1406993865966797, "residuals": [88.69633438558911, 100.28405292259723, 24.101096856978415, 14.231455955607771, 8.403531997743812, 4.962201355610773, 2.9301301286076296, 1.730212451092143, 1.0216730980051807, 0.6032877167523338, 0.35623534565195314, 0.21035339849811407, 0.12421157190317444, 0.07334568734916047, 0.04330989271340968, 0.02557405724178352, 0.01510122431648142, 0.008917121469607991, 0.005265470783569981, 0.003109207690158655, 0.0018359559818463822, 0.0010841135789405598, 0.0006401581935051581, 0.0003780069915819695, 0.00022320933010178123, 0.0001318028791956749, 7.782827378832735e-05, 4.595682969465997e-05, 2.7137029860568873e-05, 1.6024153069338354e-05, 9.462109005653474e-06, 5.5872833399917e-06, 3.299238187537412e-06, 1.948165049725503e-06, 1.1503764199005673e-06, 6.792625981688616e-07], "inner-iterations": 5}, "MUS1-OPI_10": {"time": 2.0089430809020996, "residuals": [88.69633438558911, 103.9233821342655, 8.403532150003002, 2.9301304038947364, 1.021673271460486, 0.35623543317115036, 0.12421161184636276, 0.0433099099041101, 0.015101231447602004, 0.005265473690769795, 0.001835957095863705, 0.0006401586456377117, 0.00022320950768062175, 7.782834006775374e-05, 2.713706544454908e-05, 9.462112757319119e-06, 3.2992322758218506e-06, 1.1503567520776414e-06, 4.0112081478582695e-07], "inner-iterations": 10}, "MUS1-OPI_20": {"time": 2.1045517921447754,